                  epoch,         train/box_loss,         train/cls_loss,         train/dfl_loss,   metrics/precision(B),      metrics/recall(B),       metrics/mAP50(B),    metrics/mAP50-95(B),           val/box_loss,           val/cls_loss,           val/dfl_loss,                 lr/pg0,                 lr/pg1,                 lr/pg2
                      1,                0.91607,                 111.12,                 0.5196,                      0,                      0,                      0,                      0,                0.02321,                 132.07,                0.01315,                  2e-05,                  2e-05,                  2e-05
                      2,                0.36608,                 107.99,                0.21505,                      0,                      0,                      0,                      0,                 0.0231,                 132.17,                 0.0131,              4.812e-05,              4.812e-05,              4.812e-05
                      3,                 1.0739,                 106.52,                0.61533,                      0,                      0,                      0,                      0,                0.02298,                 132.26,                0.01304,               6.04e-05,               6.04e-05,               6.04e-05
                      4,                0.73109,                 105.38,                  0.431,                      0,                      0,                      0,                      0,                0.02286,                 132.31,                0.01298,              5.684e-05,              5.684e-05,              5.684e-05
                      5,                0.56432,                 104.57,                0.32045,                      0,                      0,                      0,                      0,                0.02273,                 132.35,                0.01291,              3.744e-05,              3.744e-05,              3.744e-05
